<desktopflowbinary desktopflowbinaryid="beeb6f69-e91b-479a-8daa-d553406ae1b3">
  <data mimetype="image/png">ControlRepositoryImageFile_beeb6f69-e91b-479a-8daa-d553406ae1b3.png</data>
  <iscustomizable>1</iscustomizable>
  <metadata>{}</metadata>
  <mimetype>image/png</mimetype>
  <name>Desktop flow ui element screenshot</name>
  <process>
    <workflowid>da1ee801-7949-4530-a869-2067daae977d</workflowid>
  </process>
  <reference>controlRepo-screenshots\6f96ea62-acd6-4e7a-904f-ce71f0f8c26b.png</reference>
  <statecode>0</statecode>
  <statuscode>1</statuscode>
  <type>ControlRepositoryImageFile</type>
</desktopflowbinary>