<desktopflowbinary desktopflowbinaryid="cbd33d4a-643a-45e1-a831-3764043b3b53">
  <data mimetype="image/png">ControlRepositoryImageFile_cbd33d4a-643a-45e1-a831-3764043b3b53.png</data>
  <iscustomizable>1</iscustomizable>
  <metadata>{}</metadata>
  <mimetype>image/png</mimetype>
  <name>Desktop flow ui element screenshot</name>
  <process>
    <workflowid>da1ee801-7949-4530-a869-2067daae977d</workflowid>
  </process>
  <reference>controlRepo-screenshots\517560f7-0f04-4109-afe1-5361c0ccb9fc.png</reference>
  <statecode>0</statecode>
  <statuscode>1</statuscode>
  <type>ControlRepositoryImageFile</type>
</desktopflowbinary>