<desktopflowbinary desktopflowbinaryid="5d7c022a-ee40-4de4-9aff-c067502341f7">
  <data mimetype="image/png">ImageRepositoryImageFile_5d7c022a-ee40-4de4-9aff-c067502341f7.png</data>
  <iscustomizable>1</iscustomizable>
  <metadata>{}</metadata>
  <mimetype>image/png</mimetype>
  <name>Desktop flow image screenshot</name>
  <process>
    <workflowid>6e56ddae-0405-44c2-bdad-28ae43f56928</workflowid>
  </process>
  <reference>imageRepo-screenshots\e77ec8e9-c439-4f42-89b5-0c3890478c38.png</reference>
  <statecode>0</statecode>
  <statuscode>1</statuscode>
  <type>ImageRepositoryImageFile</type>
</desktopflowbinary>