<desktopflowbinary desktopflowbinaryid="b1316092-3e3e-45ae-ae7a-c23b6239ed7c">
  <data mimetype="image/png">ControlRepositoryImageFile_b1316092-3e3e-45ae-ae7a-c23b6239ed7c.png</data>
  <iscustomizable>1</iscustomizable>
  <metadata>{}</metadata>
  <mimetype>image/png</mimetype>
  <name>Desktop flow ui element screenshot</name>
  <process>
    <workflowid>da1ee801-7949-4530-a869-2067daae977d</workflowid>
  </process>
  <reference>controlRepo-screenshots\6a25e110-f7b4-49c2-8649-9b43b59f3002.png</reference>
  <statecode>0</statecode>
  <statuscode>1</statuscode>
  <type>ControlRepositoryImageFile</type>
</desktopflowbinary>