<desktopflowbinary desktopflowbinaryid="15607c5a-c4d2-4325-ad01-56a125ffa0b3">
  <data mimetype="image/png">ControlRepositoryImageFile_15607c5a-c4d2-4325-ad01-56a125ffa0b3.png</data>
  <iscustomizable>1</iscustomizable>
  <metadata>{}</metadata>
  <mimetype>image/png</mimetype>
  <name>Desktop flow ui element screenshot</name>
  <process>
    <workflowid>da1ee801-7949-4530-a869-2067daae977d</workflowid>
  </process>
  <reference>controlRepo-screenshots\cb2b8da8-4ea7-4836-bd6e-2b9381b632bf.png</reference>
  <statecode>0</statecode>
  <statuscode>1</statuscode>
  <type>ControlRepositoryImageFile</type>
</desktopflowbinary>