<desktopflowbinary desktopflowbinaryid="0d11ab97-a51f-46de-9d3e-c7cb5b2850d7">
  <data mimetype="image/png">ControlRepositoryImageFile_0d11ab97-a51f-46de-9d3e-c7cb5b2850d7.png</data>
  <iscustomizable>1</iscustomizable>
  <metadata>{}</metadata>
  <mimetype>image/png</mimetype>
  <name>Desktop flow ui element screenshot</name>
  <process>
    <workflowid>da1ee801-7949-4530-a869-2067daae977d</workflowid>
  </process>
  <reference>controlRepo-screenshots\93ca9b72-5011-4453-9347-26b10d2935ac.png</reference>
  <statecode>0</statecode>
  <statuscode>1</statuscode>
  <type>ControlRepositoryImageFile</type>
</desktopflowbinary>