<desktopflowbinary desktopflowbinaryid="74513117-d80b-4a90-bebc-0a5a99070acd">
  <data mimetype="image/png">ControlRepositoryImageFile_74513117-d80b-4a90-bebc-0a5a99070acd.png</data>
  <iscustomizable>1</iscustomizable>
  <metadata>{}</metadata>
  <mimetype>image/png</mimetype>
  <name>Desktop flow ui element screenshot</name>
  <process>
    <workflowid>da1ee801-7949-4530-a869-2067daae977d</workflowid>
  </process>
  <reference>controlRepo-screenshots\dc410227-4660-4693-9197-a564a737bd85.png</reference>
  <statecode>0</statecode>
  <statuscode>1</statuscode>
  <type>ControlRepositoryImageFile</type>
</desktopflowbinary>