<desktopflowbinary desktopflowbinaryid="d121128d-6da0-4f8b-910d-503e4bcb9987">
  <data mimetype="application/json">ControlRepository_46f23f16-d6b8-4a87-acca-f762a61d3892.json</data>
  <iscustomizable>1</iscustomizable>
  <metadata>{}</metadata>
  <mimetype>application/json</mimetype>
  <name>Desktop flow ui elements</name>
  <process>
    <workflowid>6e56ddae-0405-44c2-bdad-28ae43f56928</workflowid>
  </process>
  <reference>controlRepo.appmask</reference>
  <statecode>0</statecode>
  <statuscode>1</statuscode>
  <type>ControlRepository</type>
</desktopflowbinary>