<desktopflowbinary desktopflowbinaryid="3c77abde-29c2-4726-88c7-77b69901cbf9">
  <data mimetype="image/png">ControlRepositoryImageFile_3c77abde-29c2-4726-88c7-77b69901cbf9.png</data>
  <iscustomizable>1</iscustomizable>
  <metadata>{}</metadata>
  <mimetype>image/png</mimetype>
  <name>Desktop flow ui element screenshot</name>
  <process>
    <workflowid>da1ee801-7949-4530-a869-2067daae977d</workflowid>
  </process>
  <reference>controlRepo-screenshots\5316eddb-0173-47cd-954c-3150b20c80b1.png</reference>
  <statecode>0</statecode>
  <statuscode>1</statuscode>
  <type>ControlRepositoryImageFile</type>
</desktopflowbinary>