<desktopflowbinary desktopflowbinaryid="cf2ea01c-3a3a-49e9-b017-46eeae8c7ef1">
  <data mimetype="image/png">ImageRepositoryImageFile_cf2ea01c-3a3a-49e9-b017-46eeae8c7ef1.png</data>
  <iscustomizable>1</iscustomizable>
  <metadata>{}</metadata>
  <mimetype>image/png</mimetype>
  <name>Desktop flow image screenshot</name>
  <process>
    <workflowid>6e56ddae-0405-44c2-bdad-28ae43f56928</workflowid>
  </process>
  <reference>imageRepo-screenshots\585b62ad-4efa-41ed-a68b-1eaa85fb6d4c.png</reference>
  <statecode>0</statecode>
  <statuscode>1</statuscode>
  <type>ImageRepositoryImageFile</type>
</desktopflowbinary>