<desktopflowbinary desktopflowbinaryid="5d198df0-c7df-4e59-b44f-b36ae1bcc667">
  <data mimetype="image/png">ControlRepositoryImageFile_5d198df0-c7df-4e59-b44f-b36ae1bcc667.png</data>
  <iscustomizable>1</iscustomizable>
  <metadata>{}</metadata>
  <mimetype>image/png</mimetype>
  <name>Desktop flow ui element screenshot</name>
  <process>
    <workflowid>da1ee801-7949-4530-a869-2067daae977d</workflowid>
  </process>
  <reference>controlRepo-screenshots\63f7533c-cfd5-4ecd-9aee-4bfe0f6b57b4.png</reference>
  <statecode>0</statecode>
  <statuscode>1</statuscode>
  <type>ControlRepositoryImageFile</type>
</desktopflowbinary>