<desktopflowbinary desktopflowbinaryid="432db7d8-77b9-487f-be5c-49f5fb100df1">
  <data mimetype="application/json">ImageRepository_d1577fc9-c972-4653-92af-c023aacd8c55.json</data>
  <iscustomizable>1</iscustomizable>
  <metadata>{}</metadata>
  <mimetype>application/json</mimetype>
  <name>Desktop flow images</name>
  <process>
    <workflowid>da1ee801-7949-4530-a869-2067daae977d</workflowid>
  </process>
  <reference>imageRepo.imgrepo</reference>
  <statecode>0</statecode>
  <statuscode>1</statuscode>
  <type>ImageRepository</type>
</desktopflowbinary>