<desktopflowbinary desktopflowbinaryid="7a255132-3f61-453f-8702-59dc4c8ba5e9">
  <data mimetype="image/png">ControlRepositoryImageFile_7a255132-3f61-453f-8702-59dc4c8ba5e9.png</data>
  <iscustomizable>1</iscustomizable>
  <metadata>{}</metadata>
  <mimetype>image/png</mimetype>
  <name>Desktop flow ui element screenshot</name>
  <process>
    <workflowid>da1ee801-7949-4530-a869-2067daae977d</workflowid>
  </process>
  <reference>controlRepo-screenshots\25eb29e3-ad21-4ae2-b463-a23f86363f1c.png</reference>
  <statecode>0</statecode>
  <statuscode>1</statuscode>
  <type>ControlRepositoryImageFile</type>
</desktopflowbinary>