<desktopflowbinary desktopflowbinaryid="7cbb8f66-039b-42b3-a0ae-6fa1911d9ae2">
  <data mimetype="image/png">ControlRepositoryImageFile_7cbb8f66-039b-42b3-a0ae-6fa1911d9ae2.png</data>
  <iscustomizable>1</iscustomizable>
  <metadata>{}</metadata>
  <mimetype>image/png</mimetype>
  <name>Desktop flow ui element screenshot</name>
  <process>
    <workflowid>da1ee801-7949-4530-a869-2067daae977d</workflowid>
  </process>
  <reference>controlRepo-screenshots\eb782506-1d5a-4143-a340-0097165bc811.png</reference>
  <statecode>0</statecode>
  <statuscode>1</statuscode>
  <type>ControlRepositoryImageFile</type>
</desktopflowbinary>