<desktopflowbinary desktopflowbinaryid="3edcde2b-a6a2-4ff8-afcc-80ff3470401c">
  <data mimetype="image/png">ImageRepositoryImageFile_3edcde2b-a6a2-4ff8-afcc-80ff3470401c.png</data>
  <iscustomizable>1</iscustomizable>
  <metadata>{}</metadata>
  <mimetype>image/png</mimetype>
  <name>Desktop flow image screenshot</name>
  <process>
    <workflowid>6e56ddae-0405-44c2-bdad-28ae43f56928</workflowid>
  </process>
  <reference>imageRepo-screenshots\a2ed7319-60e1-4691-b838-19cbaa2793f1.png</reference>
  <statecode>0</statecode>
  <statuscode>1</statuscode>
  <type>ImageRepositoryImageFile</type>
</desktopflowbinary>