<desktopflowbinary desktopflowbinaryid="c6ea7314-0009-4c8d-9156-272ef9477727">
  <data mimetype="image/png">ControlRepositoryImageFile_c6ea7314-0009-4c8d-9156-272ef9477727.png</data>
  <iscustomizable>1</iscustomizable>
  <metadata>{}</metadata>
  <mimetype>image/png</mimetype>
  <name>Desktop flow ui element screenshot</name>
  <process>
    <workflowid>da1ee801-7949-4530-a869-2067daae977d</workflowid>
  </process>
  <reference>controlRepo-screenshots\290c9191-decf-4d6c-bc07-5936bfd97a4e.png</reference>
  <statecode>0</statecode>
  <statuscode>1</statuscode>
  <type>ControlRepositoryImageFile</type>
</desktopflowbinary>