<desktopflowbinary desktopflowbinaryid="afde94aa-7b83-4ae9-a655-b7ccd1955465">
  <data mimetype="image/png">ControlRepositoryImageFile_afde94aa-7b83-4ae9-a655-b7ccd1955465.png</data>
  <iscustomizable>1</iscustomizable>
  <metadata>{}</metadata>
  <mimetype>image/png</mimetype>
  <name>Desktop flow ui element screenshot</name>
  <process>
    <workflowid>da1ee801-7949-4530-a869-2067daae977d</workflowid>
  </process>
  <reference>controlRepo-screenshots\9f3847df-951b-4777-957b-8323e6f3cf8a.png</reference>
  <statecode>0</statecode>
  <statuscode>1</statuscode>
  <type>ControlRepositoryImageFile</type>
</desktopflowbinary>