<desktopflowbinary desktopflowbinaryid="11d597d2-b515-4525-9ba1-6f6132b34b84">
  <data mimetype="image/png">ControlRepositoryImageFile_11d597d2-b515-4525-9ba1-6f6132b34b84.png</data>
  <iscustomizable>1</iscustomizable>
  <metadata>{}</metadata>
  <mimetype>image/png</mimetype>
  <name>Desktop flow ui element screenshot</name>
  <process>
    <workflowid>da1ee801-7949-4530-a869-2067daae977d</workflowid>
  </process>
  <reference>controlRepo-screenshots\c9e4ed65-5542-4a9b-bbf5-0d8065b9e0c1.png</reference>
  <statecode>0</statecode>
  <statuscode>1</statuscode>
  <type>ControlRepositoryImageFile</type>
</desktopflowbinary>