<desktopflowbinary desktopflowbinaryid="347f07cd-1e21-4d0e-a0fe-be01cbcb1882">
  <data mimetype="image/png">ControlRepositoryImageFile_347f07cd-1e21-4d0e-a0fe-be01cbcb1882.png</data>
  <iscustomizable>1</iscustomizable>
  <metadata>{}</metadata>
  <mimetype>image/png</mimetype>
  <name>Desktop flow ui element screenshot</name>
  <process>
    <workflowid>da1ee801-7949-4530-a869-2067daae977d</workflowid>
  </process>
  <reference>controlRepo-screenshots\f0f35f0e-746e-4870-8c06-b935cac02ab6.png</reference>
  <statecode>0</statecode>
  <statuscode>1</statuscode>
  <type>ControlRepositoryImageFile</type>
</desktopflowbinary>