<desktopflowbinary desktopflowbinaryid="d107cf55-f0ca-4023-8ffe-db8d586716d2">
  <data mimetype="image/png">ControlRepositoryImageFile_d107cf55-f0ca-4023-8ffe-db8d586716d2.png</data>
  <iscustomizable>1</iscustomizable>
  <metadata>{}</metadata>
  <mimetype>image/png</mimetype>
  <name>Desktop flow ui element screenshot</name>
  <process>
    <workflowid>da1ee801-7949-4530-a869-2067daae977d</workflowid>
  </process>
  <reference>controlRepo-screenshots\7429fafc-852d-490d-b093-3027fc198a0e.png</reference>
  <statecode>0</statecode>
  <statuscode>1</statuscode>
  <type>ControlRepositoryImageFile</type>
</desktopflowbinary>