<desktopflowbinary desktopflowbinaryid="eb01c827-4eec-445e-808b-16e3985fd60f">
  <data mimetype="image/png">ImageRepositoryImageFile_eb01c827-4eec-445e-808b-16e3985fd60f.png</data>
  <iscustomizable>1</iscustomizable>
  <metadata>{}</metadata>
  <mimetype>image/png</mimetype>
  <name>Desktop flow image screenshot</name>
  <process>
    <workflowid>6e56ddae-0405-44c2-bdad-28ae43f56928</workflowid>
  </process>
  <reference>imageRepo-screenshots\317d3fa5-385e-4088-83b2-81b7f454c7d2.png</reference>
  <statecode>0</statecode>
  <statuscode>1</statuscode>
  <type>ImageRepositoryImageFile</type>
</desktopflowbinary>