<desktopflowbinary desktopflowbinaryid="bbb3a58d-c368-47dc-bb7d-47d8ad138145">
  <data mimetype="image/png">ControlRepositoryImageFile_bbb3a58d-c368-47dc-bb7d-47d8ad138145.png</data>
  <iscustomizable>1</iscustomizable>
  <metadata>{}</metadata>
  <mimetype>image/png</mimetype>
  <name>Desktop flow ui element screenshot</name>
  <process>
    <workflowid>da1ee801-7949-4530-a869-2067daae977d</workflowid>
  </process>
  <reference>controlRepo-screenshots\3470e83b-81c3-41c6-a61f-d97ac582dd94.png</reference>
  <statecode>0</statecode>
  <statuscode>1</statuscode>
  <type>ControlRepositoryImageFile</type>
</desktopflowbinary>