<desktopflowbinary desktopflowbinaryid="8447f357-a9f6-4bf6-b6b4-c231238fda7b">
  <data mimetype="image/png">ImageRepositoryImageFile_8447f357-a9f6-4bf6-b6b4-c231238fda7b.png</data>
  <iscustomizable>1</iscustomizable>
  <metadata>{}</metadata>
  <mimetype>image/png</mimetype>
  <name>Desktop flow image screenshot</name>
  <process>
    <workflowid>6e56ddae-0405-44c2-bdad-28ae43f56928</workflowid>
  </process>
  <reference>imageRepo-screenshots\5c81a09d-6dcb-49b6-b81c-a2ccdede64e2.png</reference>
  <statecode>0</statecode>
  <statuscode>1</statuscode>
  <type>ImageRepositoryImageFile</type>
</desktopflowbinary>