<desktopflowbinary desktopflowbinaryid="9f8573da-d994-402e-938c-008a17e0e5fb">
  <data mimetype="image/png">ControlRepositoryImageFile_9f8573da-d994-402e-938c-008a17e0e5fb.png</data>
  <iscustomizable>1</iscustomizable>
  <metadata>{}</metadata>
  <mimetype>image/png</mimetype>
  <name>Desktop flow ui element screenshot</name>
  <process>
    <workflowid>da1ee801-7949-4530-a869-2067daae977d</workflowid>
  </process>
  <reference>controlRepo-screenshots\f6e38085-0d12-4ad8-8972-96d93a49f31a.png</reference>
  <statecode>0</statecode>
  <statuscode>1</statuscode>
  <type>ControlRepositoryImageFile</type>
</desktopflowbinary>