<desktopflowbinary desktopflowbinaryid="294b5c76-6e54-4568-b2aa-e91845820f64">
  <data mimetype="image/png">ControlRepositoryImageFile_294b5c76-6e54-4568-b2aa-e91845820f64.png</data>
  <iscustomizable>1</iscustomizable>
  <metadata>{}</metadata>
  <mimetype>image/png</mimetype>
  <name>Desktop flow ui element screenshot</name>
  <process>
    <workflowid>da1ee801-7949-4530-a869-2067daae977d</workflowid>
  </process>
  <reference>controlRepo-screenshots\7972e651-f882-40f0-bca0-ec28473dec75.png</reference>
  <statecode>0</statecode>
  <statuscode>1</statuscode>
  <type>ControlRepositoryImageFile</type>
</desktopflowbinary>