<desktopflowbinary desktopflowbinaryid="cde355f0-f6db-4873-900b-36a7188679fa">
  <data mimetype="image/png">ImageRepositoryImageFile_cde355f0-f6db-4873-900b-36a7188679fa.png</data>
  <iscustomizable>1</iscustomizable>
  <metadata>{}</metadata>
  <mimetype>image/png</mimetype>
  <name>Desktop flow image screenshot</name>
  <process>
    <workflowid>da1ee801-7949-4530-a869-2067daae977d</workflowid>
  </process>
  <reference>imageRepo-screenshots\6f1af5d4-f71c-4b00-bf8f-9a8dba4ef338.png</reference>
  <statecode>0</statecode>
  <statuscode>1</statuscode>
  <type>ImageRepositoryImageFile</type>
</desktopflowbinary>