<desktopflowbinary desktopflowbinaryid="f8b02179-f17c-429a-b7fb-7c15e0323726">
  <data mimetype="image/png">ControlRepositoryImageFile_f8b02179-f17c-429a-b7fb-7c15e0323726.png</data>
  <iscustomizable>1</iscustomizable>
  <metadata>{}</metadata>
  <mimetype>image/png</mimetype>
  <name>Desktop flow ui element screenshot</name>
  <process>
    <workflowid>da1ee801-7949-4530-a869-2067daae977d</workflowid>
  </process>
  <reference>controlRepo-screenshots\f86ef026-8980-4bf1-96da-a8cfec23e8c1.png</reference>
  <statecode>0</statecode>
  <statuscode>1</statuscode>
  <type>ControlRepositoryImageFile</type>
</desktopflowbinary>