<desktopflowbinary desktopflowbinaryid="e5f269cc-62b8-4aa7-9290-14556de3c90d">
  <data mimetype="image/png">ControlRepositoryImageFile_e5f269cc-62b8-4aa7-9290-14556de3c90d.png</data>
  <iscustomizable>1</iscustomizable>
  <metadata>{}</metadata>
  <mimetype>image/png</mimetype>
  <name>Desktop flow ui element screenshot</name>
  <process>
    <workflowid>da1ee801-7949-4530-a869-2067daae977d</workflowid>
  </process>
  <reference>controlRepo-screenshots\e38d18de-86f1-4fdd-9e02-3d8cb5ae3686.png</reference>
  <statecode>0</statecode>
  <statuscode>1</statuscode>
  <type>ControlRepositoryImageFile</type>
</desktopflowbinary>