<desktopflowbinary desktopflowbinaryid="a0b0ccde-ee1a-4ff0-b14e-92d14fea8f07">
  <data mimetype="image/png">ControlRepositoryImageFile_a0b0ccde-ee1a-4ff0-b14e-92d14fea8f07.png</data>
  <iscustomizable>1</iscustomizable>
  <metadata>{}</metadata>
  <mimetype>image/png</mimetype>
  <name>Desktop flow ui element screenshot</name>
  <process>
    <workflowid>da1ee801-7949-4530-a869-2067daae977d</workflowid>
  </process>
  <reference>controlRepo-screenshots\9485bf85-42d6-4089-b3d6-5f307117b9a8.png</reference>
  <statecode>0</statecode>
  <statuscode>1</statuscode>
  <type>ControlRepositoryImageFile</type>
</desktopflowbinary>