<desktopflowbinary desktopflowbinaryid="d6948d38-872e-43ef-8dc5-f3f0f751b655">
  <data mimetype="image/png">ControlRepositoryImageFile_d6948d38-872e-43ef-8dc5-f3f0f751b655.png</data>
  <iscustomizable>1</iscustomizable>
  <metadata>{}</metadata>
  <mimetype>image/png</mimetype>
  <name>Desktop flow ui element screenshot</name>
  <process>
    <workflowid>da1ee801-7949-4530-a869-2067daae977d</workflowid>
  </process>
  <reference>controlRepo-screenshots\0b34171a-f4f1-48b1-bd83-dc581fce02ff.png</reference>
  <statecode>0</statecode>
  <statuscode>1</statuscode>
  <type>ControlRepositoryImageFile</type>
</desktopflowbinary>