<desktopflowbinary desktopflowbinaryid="fbc32e4a-d5c8-4781-afe4-01d28b00abe0">
  <data mimetype="image/png">ControlRepositoryImageFile_fbc32e4a-d5c8-4781-afe4-01d28b00abe0.png</data>
  <iscustomizable>1</iscustomizable>
  <metadata>{}</metadata>
  <mimetype>image/png</mimetype>
  <name>Desktop flow ui element screenshot</name>
  <process>
    <workflowid>da1ee801-7949-4530-a869-2067daae977d</workflowid>
  </process>
  <reference>controlRepo-screenshots\88401403-052d-415a-9680-3c82e7a06e31.png</reference>
  <statecode>0</statecode>
  <statuscode>1</statuscode>
  <type>ControlRepositoryImageFile</type>
</desktopflowbinary>