<desktopflowbinary desktopflowbinaryid="e0b16bf0-8908-4454-97ae-152a87842f1d">
  <data mimetype="image/png">ControlRepositoryImageFile_e0b16bf0-8908-4454-97ae-152a87842f1d.png</data>
  <iscustomizable>1</iscustomizable>
  <metadata>{}</metadata>
  <mimetype>image/png</mimetype>
  <name>Desktop flow ui element screenshot</name>
  <process>
    <workflowid>da1ee801-7949-4530-a869-2067daae977d</workflowid>
  </process>
  <reference>controlRepo-screenshots\409653a5-00c1-4c30-bd10-45c60ff7e61e.png</reference>
  <statecode>0</statecode>
  <statuscode>1</statuscode>
  <type>ControlRepositoryImageFile</type>
</desktopflowbinary>