<ImportExportXml xmlns:xsi="http://www.w3.org/2001/XMLSchema-instance" OrganizationVersion="9.2.24094.182" OrganizationSchemaType="Standard" CRMServerServiceabilityVersion="9.2.24094.00182">
  <Entities></Entities>
  <Roles></Roles>
  <Workflows>
    <Workflow WorkflowId="{6e56ddae-0405-44c2-bdad-28ae43f56928}" Name="BAU Process">
      <JsonFileName>/Workflows/BAUProcess-6E56DDAE-0405-44C2-BDAD-28AE43F56928.json</JsonFileName>
      <Type>1</Type>
      <Subprocess>0</Subprocess>
      <Category>6</Category>
      <Mode>0</Mode>
      <Scope>4</Scope>
      <OnDemand>0</OnDemand>
      <TriggerOnCreate>0</TriggerOnCreate>
      <TriggerOnDelete>0</TriggerOnDelete>
      <AsyncAutodelete>0</AsyncAutodelete>
      <SyncWorkflowLogOnFailure>0</SyncWorkflowLogOnFailure>
      <StateCode>1</StateCode>
      <StatusCode>2</StatusCode>
      <RunAs>1</RunAs>
      <IsTransacted>1</IsTransacted>
      <IntroducedVersion>1.0</IntroducedVersion>
      <IsCustomizable>1</IsCustomizable>
      <BusinessProcessType>0</BusinessProcessType>
      <UIFlowType>2</UIFlowType>
      <IsCustomProcessingStepAllowedForOtherPublishers>1</IsCustomProcessingStepAllowedForOtherPublishers>
      <Metadata>{"clientversion":"2.48.00203.24261","isvalid":true,"$schema":"https://schema.management.azure.com/providers/Microsoft.Logic/schemas/2016-06-01/workflowdefinition.json#","schemaVersion":"ROBIN_20211012","containsActiveConnections":false,"containsGptPredictActions":false,"containsActiveCopilotActions":false,"containsActiveWorkQueuesActions":false,"containsActiveLogMessageActions":false,"multipleRequestsState":0,"scriptType":0,"disableScreenshotCaptureOnError":false,"missingUiElementRepairType":null,"flowTimeout":null}</Metadata>
      <Inputs>{"schema":null}</Inputs>
      <Outputs>{"schema":null}</Outputs>
      <Dependencies>{"childFlows":[],"workQueues":[],"environmentVariables":[],"requiredBinaries":["e61b47ab-e93d-47e9-8839-7cb3095e7aba","d121128d-6da0-4f8b-910d-503e4bcb9987","f0586940-b17d-4f72-be81-2a5bf13970e2"]}</Dependencies>
      <ConnectionReferences>[]</ConnectionReferences>
      <Definition>"@@ConnectionString: ''\r\n@@Type: 'Local'\r\n@@DesktopType: 'local'\r\n@@DisplayName: 'Local computer'\r\nIMPORT 'controlRepo.appmask' AS appmask\r\nIMPORT 'imageRepo.imgrepo' AS imgrepo\r\n@SENSITIVE: []\r\nCALL CreatingFolders\r\nCALL RetrieveAttachments_Email\r\nOCR.ExtractTextWithOCR.ExtractTextFromFileWithWindowsOcr ImageFile: $'''C:\\\\Users\\\\vs64173\\\\Downloads\\\\page_1.png''' WindowsOcrLanguage: OCR.WindowsOcrLanguage.English ImageWidthMultiplier: 1 ImageHeightMultiplier: 1 OcrText=&gt; OcrText\r\nExcel.LaunchExcel.LaunchUnderExistingProcess Visible: True Instance=&gt; ExcelInstance\r\nExcel.WriteToExcel.WriteCell Instance: ExcelInstance Value: OcrText Column: $'''A''' Row: 1\r\nFUNCTION RetrieveAttachments_Email GLOBAL\r\n    Outlook.Launch Instance=&gt; OutlookInstance\r\n    Outlook.RetrieveEmailMessages.RetrieveEmailsAndSaveAttachments Instance: OutlookInstance Account: $'''vinjamallahemanth.Surya@cyient.com''' MailFolder: $'''sent items''' EmailsToRetrieve: Outlook.RetrieveMessagesMode.All MarkAsRead: True ReadBodyAsHtml: False SubjectContains: $'''A02W45C''' SaveAttachmentsInto: JobIDPath Messages=&gt; RetrievedEmails\r\nEND FUNCTION\r\nFUNCTION CreatingFolders GLOBAL\r\n    SET JobID TO $'''A02W45D'''\r\n    Folder.GetSubfolders Folder: $'''D:\\\\BAU_AT&amp;T\\\\JobFolders''' FolderFilter: $'''*''' IncludeSubfolders: False FailOnAccessDenied: True SortBy1: Folder.SortBy.NoSort SortDescending1: False SortBy2: Folder.SortBy.NoSort SortDescending2: False SortBy3: Folder.SortBy.NoSort SortDescending3: False Subfolders=&gt; Folders\r\n    IF (Folder.IfFolderExists.Exists Path: $'''D:\\\\BAU_AT&amp;T\\\\JobFolders\\\\%JobID%''') THEN\r\n        DISABLE Display.ShowMessageDialog.ShowMessageWithTimeout Title: $'''exist''' Message: $'''folderExist''' Icon: Display.Icon.None Buttons: Display.Buttons.OK DefaultButton: Display.DefaultButton.Button1 IsTopMost: True Timeout: 2 ButtonPressed=&gt; ButtonPressed\r\n        SET JobIDPath TO $'''D:\\\\BAU_AT&amp;T\\\\JobFolders\\\\%JobID%'''\r\n        GOTO 'go to mail'\r\n    ELSE\r\n        DISABLE Display.ShowMessageDialog.ShowMessageWithTimeout Title: $'''Notexist''' Message: $'''folderNotExist''' Icon: Display.Icon.None Buttons: Display.Buttons.OK DefaultButton: Display.DefaultButton.Button1 IsTopMost: True Timeout: 2 ButtonPressed=&gt; ButtonPressed\r\n        Folder.Create FolderPath: $'''D:\\\\BAU_AT&amp;T\\\\JobFolders\\\\''' FolderName: JobID Folder=&gt; JobFolder\r\n        SET JobIDPath TO $'''D:\\\\BAU_AT&amp;T\\\\JobFolders\\\\%JobID%'''\r\n        GOTO 'go to mail'\r\n    END\r\n    LABEL 'go to mail'\r\nEND FUNCTION\r\nFUNCTION ORCA_StatusChecking GLOBAL\r\n    UIAutomation.FocusWindow.FocusByTitleClass Title: $'''Work Print Manager - *''' Class: $'''Transparent Windows Client'''\r\n    MouseAndKeyboard.MoveMouseToImage.ClickImage Images: [imgrepo['Status image click']] SearchForImageOn: MouseAndKeyboard.SearchTarget.EntireScreen MousePositionOnImage: MouseAndKeyboard.PositionOnImage.MiddleCenter OffsetX: 0 OffsetY: 0 Tolerance: 10 MovementStyle: MouseAndKeyboard.MovementStyle.Instant Occurence: 1 Timeout: 5 ClickType: MouseAndKeyboard.ClickType.LeftClick SecondsBeforeClick: 0 SearchAlgorithm: MouseAndKeyboard.ImageFinderAlgorithm.Legacy X=&gt; X12 Y=&gt; Y12\r\n    SET Status TO $'''Info'''\r\n    SET LogMessage TO $'''Successful Identify the Status.'''\r\n    CALL LogFileGeneration\r\n    LABEL Retry_ORCA_Satus\r\n    WAIT 10\r\n    UIAutomation.FocusWindow.FocusByTitleClass Title: $'''Alert *''' Class: $''''''\r\n    ON ERROR\r\n\r\n    END\r\n    WAIT 5\r\n    IF (UIAutomation.IfImage.ExistsOnScreen Images: [imgrepo['AlertWindow']] FindAllImages: False Tolerance: 10 SearchAlgorithm: UIAutomation.ImageFinderAlgorithm.Legacy) THEN\r\n        WAIT 2\r\n        MouseAndKeyboard.MoveMouseToImage.ClickImage Images: [imgrepo['AlertOk']] SearchForImageOn: MouseAndKeyboard.SearchTarget.EntireScreen MousePositionOnImage: MouseAndKeyboard.PositionOnImage.MiddleCenter OffsetX: 0 OffsetY: 0 Tolerance: 10 MovementStyle: MouseAndKeyboard.MovementStyle.Instant Occurence: 1 Timeout: 5 ClickType: MouseAndKeyboard.ClickType.LeftClick SecondsBeforeClick: 0 SearchAlgorithm: MouseAndKeyboard.ImageFinderAlgorithm.Legacy X=&gt; X14 Y=&gt; Y14\r\n        WAIT 2\r\n        SET ORCA_Status TO $'''Alert'''\r\n        GOTO ORCA_CheckingEnd\r\n    END\r\n    **REGION ORCA_StatusChecking\r\n    # Checking for  ORCA_Status - PENDING REVISION\r\n    WAIT 5\r\n    IF (UIAutomation.IfImage.ExistsOnScreen Images: [imgrepo['Prending Revision']] FindAllImages: True Tolerance: 10 SearchAlgorithm: UIAutomation.ImageFinderAlgorithm.Legacy) THEN\r\n        SET ORCA_Status TO $'''PENDING REVISION'''\r\n        Display.ShowMessageDialog.ShowMessageWithTimeout Title: $'''ORCA STATUS''' Message: ORCA_Status Icon: Display.Icon.None Buttons: Display.Buttons.OK DefaultButton: Display.DefaultButton.Button1 IsTopMost: True Timeout: 3 ButtonPressed=&gt; ButtonPressed5\r\n        /# Need to add Send to AOTX button here\r\n#/\r\n        **REGION Send to ORCA\r\n        /# Need to add Send to AOTX button here\r\n#/\r\n        MouseAndKeyboard.MoveMouseToImage.ClickImage Images: [imgrepo['Send to ORCA']] SearchForImageOn: MouseAndKeyboard.SearchTarget.EntireScreen MousePositionOnImage: MouseAndKeyboard.PositionOnImage.MiddleCenter OffsetX: 0 OffsetY: 0 Tolerance: 10 MovementStyle: MouseAndKeyboard.MovementStyle.Instant Occurence: 1 Timeout: 5 ClickType: MouseAndKeyboard.ClickType.LeftClick SecondsBeforeClick: 0 SearchAlgorithm: MouseAndKeyboard.ImageFinderAlgorithm.Legacy X=&gt; X12 Y=&gt; Y12\r\n        **ENDREGION\r\n        WAIT 5\r\n        GOTO Retry_ORCA_Satus\r\n    ELSE\r\n        LABEL ORCA_Status_ENCODED\r\n        # Checking for  ORCA_Status - ENCODED\r\n        WAIT 4\r\n        IF (UIAutomation.IfImage.ExistsOnScreen Images: [imgrepo['ENCODED']] FindAllImages: False Tolerance: 10 SearchAlgorithm: UIAutomation.ImageFinderAlgorithm.Legacy) THEN\r\n            SET ORCA_Status TO $'''ENCODED'''\r\n            Display.ShowMessageDialog.ShowMessageWithTimeout Title: $'''ORCA STATUS''' Message: ORCA_Status Icon: Display.Icon.None Buttons: Display.Buttons.OK DefaultButton: Display.DefaultButton.Button1 IsTopMost: True Timeout: 3 ButtonPressed=&gt; ButtonPressed5\r\n            GOTO ORCA_CheckingEnd\r\n        ELSE\r\n            # Needs to Add encoding Image Here\r\n            # Checking for  ORCA_Status - ENCODING\r\n            WAIT 4\r\n            IF (UIAutomation.IfImage.ExistsOnScreen Images: [imgrepo['ENCODED']] FindAllImages: False Tolerance: 10 SearchAlgorithm: UIAutomation.ImageFinderAlgorithm.Legacy) THEN\r\n                SET ORCA_Status TO $'''ENCODING'''\r\n                Display.ShowMessageDialog.ShowMessageWithTimeout Title: $'''ORCA STATUS''' Message: ORCA_Status Icon: Display.Icon.None Buttons: Display.Buttons.OK DefaultButton: Display.DefaultButton.Button1 IsTopMost: True Timeout: 2 ButtonPressed=&gt; ButtonPressed5\r\n                GOTO Retry_ORCA_Satus\r\n            ELSE\r\n                # Needs to Add encoding Image Here\r\n                # Checking for  ORCA_Status - ERROR\r\n                WAIT 4\r\n                IF (UIAutomation.IfImage.ExistsOnScreen Images: [imgrepo['ENCODED']] FindAllImages: False Tolerance: 10 SearchAlgorithm: UIAutomation.ImageFinderAlgorithm.Legacy) THEN\r\n                    SET Status TO $'''Info'''\r\n                    SET Log TO $'''Successful Identified the ORCA status is an ERROR.'''\r\n                    CALL LogFileGeneration\r\n                    SET ORCA_Status TO $'''ERROR'''\r\n                    Display.ShowMessageDialog.ShowMessageWithTimeout Title: $'''ORCA STATUS''' Message: ORCA_Status Icon: Display.Icon.None Buttons: Display.Buttons.OK DefaultButton: Display.DefaultButton.Button1 IsTopMost: True Timeout: 2 ButtonPressed=&gt; ButtonPressed5\r\n                    DISABLE CALL Corrections_GT\r\n                    GOTO ORCA_CheckingEnd\r\n                ELSE\r\n                    # Needs to Add encoding Image Here\r\n                    # Checking for  ORCA_Status - PRELIM\r\n                    IF (UIAutomation.IfImage.ExistsOnScreen Images: [imgrepo['PRELIM_V1'], imgrepo['PRELIM_FULL']] FindAllImages: True Tolerance: 10 SearchAlgorithm: UIAutomation.ImageFinderAlgorithm.Legacy) THEN\r\n                        SET ORCA_Status TO $'''PRELIM'''\r\n                        Display.ShowMessageDialog.ShowMessageWithTimeout Title: $'''ORCA STATUS''' Message: ORCA_Status Icon: Display.Icon.None Buttons: Display.Buttons.OK DefaultButton: Display.DefaultButton.Button1 IsTopMost: True Timeout: 2 ButtonPressed=&gt; ButtonPressed5\r\n                        /# Need to add Send to AOTX button here\r\n#/\r\n                        **REGION Send to ORCA\r\n                        /# Need to add Send to AOTX button here\r\n#/\r\n                        MouseAndKeyboard.MoveMouseToImage.ClickImage Images: [imgrepo['Send to ORCA']] SearchForImageOn: MouseAndKeyboard.SearchTarget.EntireScreen MousePositionOnImage: MouseAndKeyboard.PositionOnImage.MiddleCenter OffsetX: 0 OffsetY: 0 Tolerance: 10 MovementStyle: MouseAndKeyboard.MovementStyle.Instant Occurence: 1 Timeout: 5 ClickType: MouseAndKeyboard.ClickType.LeftClick SecondsBeforeClick: 0 SearchAlgorithm: MouseAndKeyboard.ImageFinderAlgorithm.Legacy X=&gt; X12 Y=&gt; Y12\r\n                        **ENDREGION\r\n                        WAIT 5\r\n                        GOTO Retry_ORCA_Satus\r\n                    END\r\n                END\r\n            END\r\n        END\r\n    END\r\n    **ENDREGION\r\n    LABEL ORCA_CheckingEnd\r\n    UIAutomation.CloseWindow.CloseByTitleClass Title: $'''Work Print Manager *''' Class: $''''''\r\nEND FUNCTION\r\nFUNCTION LogFileGeneration GLOBAL\r\n    SET log1 TO 12345\r\nEND FUNCTION\r\nFUNCTION NavigatingToWorkPrint GLOBAL\r\n    **REGION NavigatingToWorkPrint\r\n    WAIT 10\r\n    MouseAndKeyboard.MoveMouseToImage.ClickImage Images: [imgrepo['WorkPrint'], imgrepo['WorKPrint_L1']] SearchForImageOn: MouseAndKeyboard.SearchTarget.EntireScreen MousePositionOnImage: MouseAndKeyboard.PositionOnImage.MiddleCenter OffsetX: 0 OffsetY: 0 Tolerance: 10 MovementStyle: MouseAndKeyboard.MovementStyle.Instant Occurence: 1 Timeout: 5 ClickType: MouseAndKeyboard.ClickType.LeftClick SecondsBeforeClick: 0 SearchAlgorithm: MouseAndKeyboard.ImageFinderAlgorithm.Legacy X=&gt; X11 Y=&gt; Y11\r\n    WAIT 1\r\n    MouseAndKeyboard.SendKeys.FocusAndSendKeys TextToSend: $'''{Down}''' DelayBetweenKeystrokes: 10 SendTextAsHardwareKeys: False\r\n    WAIT 1\r\n    MouseAndKeyboard.SendKeys.FocusAndSendKeys TextToSend: $'''{Down}''' DelayBetweenKeystrokes: 10 SendTextAsHardwareKeys: False\r\n    WAIT 2\r\n    MouseAndKeyboard.SendKeys.FocusAndSendKeys TextToSend: $'''{Return}''' DelayBetweenKeystrokes: 10 SendTextAsHardwareKeys: False\r\n    WAIT 2\r\n    MouseAndKeyboard.SendKeys.FocusAndSendKeys TextToSend: $'''{Down}''' DelayBetweenKeystrokes: 10 SendTextAsHardwareKeys: False\r\n    WAIT 1\r\n    MouseAndKeyboard.SendKeys.FocusAndSendKeys TextToSend: $'''{Return}''' DelayBetweenKeystrokes: 10 SendTextAsHardwareKeys: False\r\n    SET Status TO $'''Info'''\r\n    SET LogMessage TO $'''Successful opened the Workspace in GT'''\r\n    CALL LogFileGeneration\r\n    WAIT 10\r\n    MouseAndKeyboard.SendKeys.FocusAndSendKeys TextToSend: $'''{Return}''' DelayBetweenKeystrokes: 10 SendTextAsHardwareKeys: False\r\n    ON ERROR\r\n\r\n    END\r\n    WAIT 4\r\n    MouseAndKeyboard.SendKeys.FocusAndSendKeys TextToSend: $'''{Return}''' DelayBetweenKeystrokes: 10 SendTextAsHardwareKeys: False\r\n    ON ERROR\r\n\r\n    END\r\n    WAIT 10\r\n    **ENDREGION\r\nEND FUNCTION\r\n"</Definition>
      <SchemaVersion>2022.07</SchemaVersion>
      <DesktopFlowModules>[]</DesktopFlowModules>
      <PrimaryEntity>none</PrimaryEntity>
      <LocalizedNames>
        <LocalizedName languagecode="1033" description="BAU Process" />
      </LocalizedNames>
    </Workflow>
  </Workflows>
  <FieldSecurityProfiles></FieldSecurityProfiles>
  <Templates />
  <EntityMaps />
  <EntityRelationships />
  <OrganizationSettings />
  <optionsets />
  <CustomControls />
  <EntityDataProviders />
  <Languages>
    <Language>1033</Language>
  </Languages>
</ImportExportXml>