<desktopflowbinary desktopflowbinaryid="e61b47ab-e93d-47e9-8839-7cb3095e7aba">
  <data mimetype="application/json">ManifestFile_e61b47ab-e93d-47e9-8839-7cb3095e7aba.json</data>
  <iscustomizable>1</iscustomizable>
  <metadata>{}</metadata>
  <mimetype>application/json</mimetype>
  <name>Desktop flow manifest file</name>
  <process>
    <workflowid>6e56ddae-0405-44c2-bdad-28ae43f56928</workflowid>
  </process>
  <reference>flow.manifest</reference>
  <statecode>0</statecode>
  <statuscode>1</statuscode>
  <type>ManifestFile</type>
</desktopflowbinary>