<desktopflowbinary desktopflowbinaryid="9e7c6e21-7a13-4014-a6f7-c2e4484a886f">
  <data mimetype="image/png">ImageRepositoryImageFile_9e7c6e21-7a13-4014-a6f7-c2e4484a886f.png</data>
  <iscustomizable>1</iscustomizable>
  <metadata>{}</metadata>
  <mimetype>image/png</mimetype>
  <name>Desktop flow image screenshot</name>
  <process>
    <workflowid>6e56ddae-0405-44c2-bdad-28ae43f56928</workflowid>
  </process>
  <reference>imageRepo-screenshots\0665dc95-ef72-4d87-b93a-78921ed9e532.png</reference>
  <statecode>0</statecode>
  <statuscode>1</statuscode>
  <type>ImageRepositoryImageFile</type>
</desktopflowbinary>