<desktopflowbinary desktopflowbinaryid="27191b5a-7e2f-445f-b664-f9acf140862e">
  <data mimetype="image/png">ControlRepositoryImageFile_27191b5a-7e2f-445f-b664-f9acf140862e.png</data>
  <iscustomizable>1</iscustomizable>
  <metadata>{}</metadata>
  <mimetype>image/png</mimetype>
  <name>Desktop flow ui element screenshot</name>
  <process>
    <workflowid>da1ee801-7949-4530-a869-2067daae977d</workflowid>
  </process>
  <reference>controlRepo-screenshots\4521a416-3364-45bf-9b9c-d88ae2f7495b.png</reference>
  <statecode>0</statecode>
  <statuscode>1</statuscode>
  <type>ControlRepositoryImageFile</type>
</desktopflowbinary>