<desktopflowbinary desktopflowbinaryid="9268f349-a315-4179-8be4-14b71f75ad85">
  <data mimetype="image/png">ControlRepositoryImageFile_9268f349-a315-4179-8be4-14b71f75ad85.png</data>
  <iscustomizable>1</iscustomizable>
  <metadata>{}</metadata>
  <mimetype>image/png</mimetype>
  <name>Desktop flow ui element screenshot</name>
  <process>
    <workflowid>da1ee801-7949-4530-a869-2067daae977d</workflowid>
  </process>
  <reference>controlRepo-screenshots\0e57025a-84bf-4868-b529-aecfe0e6ddad.png</reference>
  <statecode>0</statecode>
  <statuscode>1</statuscode>
  <type>ControlRepositoryImageFile</type>
</desktopflowbinary>