<desktopflowbinary desktopflowbinaryid="54d94c41-0c5d-4b72-9155-d07773f79804">
  <data mimetype="image/png">ControlRepositoryImageFile_54d94c41-0c5d-4b72-9155-d07773f79804.png</data>
  <iscustomizable>1</iscustomizable>
  <metadata>{}</metadata>
  <mimetype>image/png</mimetype>
  <name>Desktop flow ui element screenshot</name>
  <process>
    <workflowid>da1ee801-7949-4530-a869-2067daae977d</workflowid>
  </process>
  <reference>controlRepo-screenshots\2a75b7fa-288d-41b5-9ab4-caa6b49fbe27.png</reference>
  <statecode>0</statecode>
  <statuscode>1</statuscode>
  <type>ControlRepositoryImageFile</type>
</desktopflowbinary>