<desktopflowbinary desktopflowbinaryid="b9cab989-7efe-437a-801d-e651bc49e314">
  <data mimetype="image/png">ControlRepositoryImageFile_b9cab989-7efe-437a-801d-e651bc49e314.png</data>
  <iscustomizable>1</iscustomizable>
  <metadata>{}</metadata>
  <mimetype>image/png</mimetype>
  <name>Desktop flow ui element screenshot</name>
  <process>
    <workflowid>da1ee801-7949-4530-a869-2067daae977d</workflowid>
  </process>
  <reference>controlRepo-screenshots\269b29f5-c17d-42c9-8c69-14a256858696.png</reference>
  <statecode>0</statecode>
  <statuscode>1</statuscode>
  <type>ControlRepositoryImageFile</type>
</desktopflowbinary>