<desktopflowbinary desktopflowbinaryid="b3b05764-33ad-4ddf-9aed-070ed2e2d73c">
  <data mimetype="image/png">ImageRepositoryImageFile_b3b05764-33ad-4ddf-9aed-070ed2e2d73c.png</data>
  <iscustomizable>1</iscustomizable>
  <metadata>{}</metadata>
  <mimetype>image/png</mimetype>
  <name>Desktop flow image screenshot</name>
  <process>
    <workflowid>6e56ddae-0405-44c2-bdad-28ae43f56928</workflowid>
  </process>
  <reference>imageRepo-screenshots\67b6146d-4af3-46c7-b928-9683d663ebb0.png</reference>
  <statecode>0</statecode>
  <statuscode>1</statuscode>
  <type>ImageRepositoryImageFile</type>
</desktopflowbinary>