<desktopflowbinary desktopflowbinaryid="f8dbb3c1-416e-4223-a950-8b1a6aa41931">
  <data mimetype="image/png">ControlRepositoryImageFile_f8dbb3c1-416e-4223-a950-8b1a6aa41931.png</data>
  <iscustomizable>1</iscustomizable>
  <metadata>{}</metadata>
  <mimetype>image/png</mimetype>
  <name>Desktop flow ui element screenshot</name>
  <process>
    <workflowid>da1ee801-7949-4530-a869-2067daae977d</workflowid>
  </process>
  <reference>controlRepo-screenshots\c4d501da-6c4d-4b7c-b95b-4122af1ba01a.png</reference>
  <statecode>0</statecode>
  <statuscode>1</statuscode>
  <type>ControlRepositoryImageFile</type>
</desktopflowbinary>