<desktopflowbinary desktopflowbinaryid="8560bb70-96b5-45e1-b066-e8e54dc479fc">
  <data mimetype="image/png">ImageRepositoryImageFile_8560bb70-96b5-45e1-b066-e8e54dc479fc.png</data>
  <iscustomizable>1</iscustomizable>
  <metadata>{}</metadata>
  <mimetype>image/png</mimetype>
  <name>Desktop flow image screenshot</name>
  <process>
    <workflowid>6e56ddae-0405-44c2-bdad-28ae43f56928</workflowid>
  </process>
  <reference>imageRepo-screenshots\e5305354-1ae9-4e70-9793-1556eee75900.png</reference>
  <statecode>0</statecode>
  <statuscode>1</statuscode>
  <type>ImageRepositoryImageFile</type>
</desktopflowbinary>