<desktopflowbinary desktopflowbinaryid="483b19ab-e5de-493f-9b62-129025162310">
  <data mimetype="image/png">ControlRepositoryImageFile_483b19ab-e5de-493f-9b62-129025162310.png</data>
  <iscustomizable>1</iscustomizable>
  <metadata>{}</metadata>
  <mimetype>image/png</mimetype>
  <name>Desktop flow ui element screenshot</name>
  <process>
    <workflowid>da1ee801-7949-4530-a869-2067daae977d</workflowid>
  </process>
  <reference>controlRepo-screenshots\f043829a-710c-49f5-aa09-06321d30ab79.png</reference>
  <statecode>0</statecode>
  <statuscode>1</statuscode>
  <type>ControlRepositoryImageFile</type>
</desktopflowbinary>