<desktopflowbinary desktopflowbinaryid="3512c8d6-e0e5-4a2a-9592-0d7dbf784d63">
  <data mimetype="image/png">ControlRepositoryImageFile_3512c8d6-e0e5-4a2a-9592-0d7dbf784d63.png</data>
  <iscustomizable>1</iscustomizable>
  <metadata>{}</metadata>
  <mimetype>image/png</mimetype>
  <name>Desktop flow ui element screenshot</name>
  <process>
    <workflowid>da1ee801-7949-4530-a869-2067daae977d</workflowid>
  </process>
  <reference>controlRepo-screenshots\0c29cd86-a42a-458b-b9ff-f21e2c6b53d8.png</reference>
  <statecode>0</statecode>
  <statuscode>1</statuscode>
  <type>ControlRepositoryImageFile</type>
</desktopflowbinary>