<desktopflowbinary desktopflowbinaryid="b4b4b34f-ea15-4353-b453-7473472cba34">
  <data mimetype="image/png">ControlRepositoryImageFile_b4b4b34f-ea15-4353-b453-7473472cba34.png</data>
  <iscustomizable>1</iscustomizable>
  <metadata>{}</metadata>
  <mimetype>image/png</mimetype>
  <name>Desktop flow ui element screenshot</name>
  <process>
    <workflowid>da1ee801-7949-4530-a869-2067daae977d</workflowid>
  </process>
  <reference>controlRepo-screenshots\51c5a420-c6c6-44ee-87f8-6faba18d1529.png</reference>
  <statecode>0</statecode>
  <statuscode>1</statuscode>
  <type>ControlRepositoryImageFile</type>
</desktopflowbinary>