<desktopflowbinary desktopflowbinaryid="d335c0a2-b7cd-4c63-bfa4-f1a342999f10">
  <data mimetype="image/png">ControlRepositoryImageFile_d335c0a2-b7cd-4c63-bfa4-f1a342999f10.png</data>
  <iscustomizable>1</iscustomizable>
  <metadata>{}</metadata>
  <mimetype>image/png</mimetype>
  <name>Desktop flow ui element screenshot</name>
  <process>
    <workflowid>da1ee801-7949-4530-a869-2067daae977d</workflowid>
  </process>
  <reference>controlRepo-screenshots\45b6e553-a026-4c0d-83ad-6dcb5c00127a.png</reference>
  <statecode>0</statecode>
  <statuscode>1</statuscode>
  <type>ControlRepositoryImageFile</type>
</desktopflowbinary>