<desktopflowbinary desktopflowbinaryid="382c16e3-a31a-45ae-baa0-918334a50183">
  <data mimetype="image/png">ControlRepositoryImageFile_382c16e3-a31a-45ae-baa0-918334a50183.png</data>
  <iscustomizable>1</iscustomizable>
  <metadata>{}</metadata>
  <mimetype>image/png</mimetype>
  <name>Desktop flow ui element screenshot</name>
  <process>
    <workflowid>da1ee801-7949-4530-a869-2067daae977d</workflowid>
  </process>
  <reference>controlRepo-screenshots\6f0de1a5-65ae-4dab-8067-975615a8ac10.png</reference>
  <statecode>0</statecode>
  <statuscode>1</statuscode>
  <type>ControlRepositoryImageFile</type>
</desktopflowbinary>