<desktopflowbinary desktopflowbinaryid="95a465b1-7280-4efc-a5c7-191ced3fa343">
  <data mimetype="image/png">ControlRepositoryImageFile_95a465b1-7280-4efc-a5c7-191ced3fa343.png</data>
  <iscustomizable>1</iscustomizable>
  <metadata>{}</metadata>
  <mimetype>image/png</mimetype>
  <name>Desktop flow ui element screenshot</name>
  <process>
    <workflowid>da1ee801-7949-4530-a869-2067daae977d</workflowid>
  </process>
  <reference>controlRepo-screenshots\1fed70dd-c5df-477f-a207-e336ac067f72.png</reference>
  <statecode>0</statecode>
  <statuscode>1</statuscode>
  <type>ControlRepositoryImageFile</type>
</desktopflowbinary>