<desktopflowbinary desktopflowbinaryid="b5cf3670-f0aa-42ac-9e24-563cc765abfd">
  <data mimetype="image/png">ControlRepositoryImageFile_b5cf3670-f0aa-42ac-9e24-563cc765abfd.png</data>
  <iscustomizable>1</iscustomizable>
  <metadata>{}</metadata>
  <mimetype>image/png</mimetype>
  <name>Desktop flow ui element screenshot</name>
  <process>
    <workflowid>da1ee801-7949-4530-a869-2067daae977d</workflowid>
  </process>
  <reference>controlRepo-screenshots\fa73610d-9e72-411f-90d1-202134e93754.png</reference>
  <statecode>0</statecode>
  <statuscode>1</statuscode>
  <type>ControlRepositoryImageFile</type>
</desktopflowbinary>