<desktopflowbinary desktopflowbinaryid="6b6904af-7315-43f4-b4f7-27fd34ff3f0e">
  <data mimetype="image/png">ControlRepositoryImageFile_6b6904af-7315-43f4-b4f7-27fd34ff3f0e.png</data>
  <iscustomizable>1</iscustomizable>
  <metadata>{}</metadata>
  <mimetype>image/png</mimetype>
  <name>Desktop flow ui element screenshot</name>
  <process>
    <workflowid>da1ee801-7949-4530-a869-2067daae977d</workflowid>
  </process>
  <reference>controlRepo-screenshots\5457da80-7835-4030-ac0a-23df94b57dce.png</reference>
  <statecode>0</statecode>
  <statuscode>1</statuscode>
  <type>ControlRepositoryImageFile</type>
</desktopflowbinary>