<desktopflowbinary desktopflowbinaryid="17f3d81e-ea5e-43ca-b3f5-3aec50fd8912">
  <data mimetype="image/png">ImageRepositoryImageFile_17f3d81e-ea5e-43ca-b3f5-3aec50fd8912.png</data>
  <iscustomizable>1</iscustomizable>
  <metadata>{}</metadata>
  <mimetype>image/png</mimetype>
  <name>Desktop flow image screenshot</name>
  <process>
    <workflowid>6e56ddae-0405-44c2-bdad-28ae43f56928</workflowid>
  </process>
  <reference>imageRepo-screenshots\ff60807e-ae44-41fb-8bf8-825cef4063ae.png</reference>
  <statecode>0</statecode>
  <statuscode>1</statuscode>
  <type>ImageRepositoryImageFile</type>
</desktopflowbinary>