{
  "Folders": [],
  "Images": [
    {
      "Id": "d04a923f-9d2d-4821-9398-508803286a6b",
      "Name": "Status image click",
      "Screenshot": null,
      "ScreenshotPath": "imageRepo-screenshots\\0665dc95-ef72-4d87-b93a-78921ed9e532.png"
    },
    {
      "Id": "90c0dd75-545b-432f-bd09-b03930139b53",
      "Name": "AlertWindow",
      "Screenshot": null,
      "ScreenshotPath": "imageRepo-screenshots\\e77ec8e9-c439-4f42-89b5-0c3890478c38.png"
    },
    {
      "Id": "3a098b69-687f-4099-8965-1c20b26261a5",
      "Name": "AlertOk",
      "Screenshot": null,
      "ScreenshotPath": "imageRepo-screenshots\\585b62ad-4efa-41ed-a68b-1eaa85fb6d4c.png"
    },
    {
      "Id": "ede4a28f-7430-4493-8626-2e6c35ddeedc",
      "Name": "Prending Revision",
      "Screenshot": null,
      "ScreenshotPath": "imageRepo-screenshots\\e5305354-1ae9-4e70-9793-1556eee75900.png"
    },
    {
      "Id": "fb8241bc-69f3-4535-a70a-8cae7ec53b25",
      "Name": "Send to ORCA",
      "Screenshot": null,
      "ScreenshotPath": "imageRepo-screenshots\\317d3fa5-385e-4088-83b2-81b7f454c7d2.png"
    },
    {
      "Id": "6f907bc7-8c98-4170-b94b-ffeeed2bc7cc",
      "Name": "ENCODED",
      "Screenshot": null,
      "ScreenshotPath": "imageRepo-screenshots\\5c81a09d-6dcb-49b6-b81c-a2ccdede64e2.png"
    },
    {
      "Id": "5615d523-ba28-449e-8aa2-3f09fb38fc0f",
      "Name": "PRELIM_V1",
      "Screenshot": null,
      "ScreenshotPath": "imageRepo-screenshots\\67b6146d-4af3-46c7-b928-9683d663ebb0.png"
    },
    {
      "Id": "ee0644a3-6d3c-467c-bd34-d4c41052a670",
      "Name": "PRELIM_FULL",
      "Screenshot": null,
      "ScreenshotPath": "imageRepo-screenshots\\52ccb065-909b-45c3-a78f-5172ff4caa32.png"
    },
    {
      "Id": "9af49025-9fd3-486f-969b-65acad1677ef",
      "Name": "WorkPrint",
      "Screenshot": null,
      "ScreenshotPath": "imageRepo-screenshots\\a2ed7319-60e1-4691-b838-19cbaa2793f1.png"
    },
    {
      "Id": "b42e36f7-48f7-4d99-98f8-555bd08f3c48",
      "Name": "WorKPrint_L1",
      "Screenshot": null,
      "ScreenshotPath": "imageRepo-screenshots\\ff60807e-ae44-41fb-8bf8-825cef4063ae.png"
    }
  ],
  "Version": 1
}