<desktopflowbinary desktopflowbinaryid="e048ab83-850d-469c-918d-8c423cc18841">
  <data mimetype="image/png">ControlRepositoryImageFile_e048ab83-850d-469c-918d-8c423cc18841.png</data>
  <iscustomizable>1</iscustomizable>
  <metadata>{}</metadata>
  <mimetype>image/png</mimetype>
  <name>Desktop flow ui element screenshot</name>
  <process>
    <workflowid>da1ee801-7949-4530-a869-2067daae977d</workflowid>
  </process>
  <reference>controlRepo-screenshots\74aca154-5d21-443f-9dc8-b148af283b10.png</reference>
  <statecode>0</statecode>
  <statuscode>1</statuscode>
  <type>ControlRepositoryImageFile</type>
</desktopflowbinary>