<desktopflowbinary desktopflowbinaryid="f0586940-b17d-4f72-be81-2a5bf13970e2">
  <data mimetype="application/json">ImageRepository_6dbe83fa-af49-4fab-a2cc-407e51beb4f7.json</data>
  <iscustomizable>1</iscustomizable>
  <metadata>{}</metadata>
  <mimetype>application/json</mimetype>
  <name>Desktop flow images</name>
  <process>
    <workflowid>6e56ddae-0405-44c2-bdad-28ae43f56928</workflowid>
  </process>
  <reference>imageRepo.imgrepo</reference>
  <statecode>0</statecode>
  <statuscode>1</statuscode>
  <type>ImageRepository</type>
</desktopflowbinary>