<desktopflowbinary desktopflowbinaryid="1f4457e6-9cb7-4b05-bf96-ebf3e964c52e">
  <data mimetype="image/png">ControlRepositoryImageFile_1f4457e6-9cb7-4b05-bf96-ebf3e964c52e.png</data>
  <iscustomizable>1</iscustomizable>
  <metadata>{}</metadata>
  <mimetype>image/png</mimetype>
  <name>Desktop flow ui element screenshot</name>
  <process>
    <workflowid>da1ee801-7949-4530-a869-2067daae977d</workflowid>
  </process>
  <reference>controlRepo-screenshots\211dfbbc-dae7-4d82-bb40-0c9b77b90288.png</reference>
  <statecode>0</statecode>
  <statuscode>1</statuscode>
  <type>ControlRepositoryImageFile</type>
</desktopflowbinary>