<desktopflowbinary desktopflowbinaryid="6dccd412-42b0-4872-9dcc-5a39d07a50ce">
  <data mimetype="image/png">ControlRepositoryImageFile_6dccd412-42b0-4872-9dcc-5a39d07a50ce.png</data>
  <iscustomizable>1</iscustomizable>
  <metadata>{}</metadata>
  <mimetype>image/png</mimetype>
  <name>Desktop flow ui element screenshot</name>
  <process>
    <workflowid>da1ee801-7949-4530-a869-2067daae977d</workflowid>
  </process>
  <reference>controlRepo-screenshots\dae7de1a-d704-4b72-aafa-f78d11f9d648.png</reference>
  <statecode>0</statecode>
  <statuscode>1</statuscode>
  <type>ControlRepositoryImageFile</type>
</desktopflowbinary>