<desktopflowbinary desktopflowbinaryid="0cfc1d57-b02b-4ac5-a8f7-f7cb7d08656a">
  <data mimetype="image/png">ControlRepositoryImageFile_0cfc1d57-b02b-4ac5-a8f7-f7cb7d08656a.png</data>
  <iscustomizable>1</iscustomizable>
  <metadata>{}</metadata>
  <mimetype>image/png</mimetype>
  <name>Desktop flow ui element screenshot</name>
  <process>
    <workflowid>da1ee801-7949-4530-a869-2067daae977d</workflowid>
  </process>
  <reference>controlRepo-screenshots\11cb5e6a-0981-4e51-91e3-79439755fe36.png</reference>
  <statecode>0</statecode>
  <statuscode>1</statuscode>
  <type>ControlRepositoryImageFile</type>
</desktopflowbinary>