<desktopflowbinary desktopflowbinaryid="8ffdc913-15ba-4fa0-893d-2ca516535f02">
  <data mimetype="image/png">ControlRepositoryImageFile_8ffdc913-15ba-4fa0-893d-2ca516535f02.png</data>
  <iscustomizable>1</iscustomizable>
  <metadata>{}</metadata>
  <mimetype>image/png</mimetype>
  <name>Desktop flow ui element screenshot</name>
  <process>
    <workflowid>da1ee801-7949-4530-a869-2067daae977d</workflowid>
  </process>
  <reference>controlRepo-screenshots\e44fd164-2763-45cc-8eae-b4dc12e73ebd.png</reference>
  <statecode>0</statecode>
  <statuscode>1</statuscode>
  <type>ControlRepositoryImageFile</type>
</desktopflowbinary>