<desktopflowbinary desktopflowbinaryid="acac6776-9d27-47b0-a939-5a91c70ccd9e">
  <data mimetype="image/png">ControlRepositoryImageFile_acac6776-9d27-47b0-a939-5a91c70ccd9e.png</data>
  <iscustomizable>1</iscustomizable>
  <metadata>{}</metadata>
  <mimetype>image/png</mimetype>
  <name>Desktop flow ui element screenshot</name>
  <process>
    <workflowid>da1ee801-7949-4530-a869-2067daae977d</workflowid>
  </process>
  <reference>controlRepo-screenshots\261c59bb-a6e5-4fb7-8a90-e2805157abe2.png</reference>
  <statecode>0</statecode>
  <statuscode>1</statuscode>
  <type>ControlRepositoryImageFile</type>
</desktopflowbinary>