<desktopflowbinary desktopflowbinaryid="bc542299-7b27-4c6d-9960-d0df860096e8">
  <data mimetype="image/png">ImageRepositoryImageFile_bc542299-7b27-4c6d-9960-d0df860096e8.png</data>
  <iscustomizable>1</iscustomizable>
  <metadata>{}</metadata>
  <mimetype>image/png</mimetype>
  <name>Desktop flow image screenshot</name>
  <process>
    <workflowid>6e56ddae-0405-44c2-bdad-28ae43f56928</workflowid>
  </process>
  <reference>imageRepo-screenshots\52ccb065-909b-45c3-a78f-5172ff4caa32.png</reference>
  <statecode>0</statecode>
  <statuscode>1</statuscode>
  <type>ImageRepositoryImageFile</type>
</desktopflowbinary>